{
  "HTTP Request register" : {
    "transaction" : "HTTP Request register",
    "sampleCount" : 150,
    "errorCount" : 0,
    "errorPct" : 0.0,
    "meanResTime" : 3.7533333333333356,
    "medianResTime" : 3.0,
    "minResTime" : 1.0,
    "maxResTime" : 41.0,
    "pct1ResTime" : 5.0,
    "pct2ResTime" : 8.0,
    "pct3ResTime" : 41.0,
    "throughput" : 52.41090146750524,
    "receivedKBytesPerSec" : 7.826148672257163,
    "sentKBytesPerSec" : 25.23298283542977
  },
  "HTTP Request applyLoan" : {
    "transaction" : "HTTP Request applyLoan",
    "sampleCount" : 150,
    "errorCount" : 0,
    "errorPct" : 0.0,
    "meanResTime" : 1.3200000000000005,
    "medianResTime" : 1.0,
    "minResTime" : 0.0,
    "maxResTime" : 6.0,
    "pct1ResTime" : 2.0,
    "pct2ResTime" : 3.0,
    "pct3ResTime" : 5.490000000000009,
    "throughput" : 53.24813631522897,
    "receivedKBytesPerSec" : 7.95602036741214,
    "sentKBytesPerSec" : 16.48404219914803
  },
  "Total" : {
    "transaction" : "Total",
    "sampleCount" : 750,
    "errorCount" : 0,
    "errorPct" : 0.0,
    "meanResTime" : 2.039999999999999,
    "medianResTime" : 2.0,
    "minResTime" : 0.0,
    "maxResTime" : 41.0,
    "pct1ResTime" : 3.0,
    "pct2ResTime" : 5.0,
    "pct3ResTime" : 8.0,
    "throughput" : 261.5974886641088,
    "receivedKBytesPerSec" : 38.62173548133938,
    "sentKBytesPerSec" : 84.0484118852459
  },
  "HTTP Request logout" : {
    "transaction" : "HTTP Request logout",
    "sampleCount" : 150,
    "errorCount" : 0,
    "errorPct" : 0.0,
    "meanResTime" : 1.1466666666666665,
    "medianResTime" : 1.0,
    "minResTime" : 0.0,
    "maxResTime" : 4.0,
    "pct1ResTime" : 2.0,
    "pct2ResTime" : 2.0,
    "pct3ResTime" : 4.0,
    "throughput" : 53.304904051172706,
    "receivedKBytesPerSec" : 7.652168843283582,
    "sentKBytesPerSec" : 6.506946295309168
  },
  "HTTP Request login" : {
    "transaction" : "HTTP Request login",
    "sampleCount" : 150,
    "errorCount" : 0,
    "errorPct" : 0.0,
    "meanResTime" : 2.7,
    "medianResTime" : 2.0,
    "minResTime" : 1.0,
    "maxResTime" : 10.0,
    "pct1ResTime" : 5.0,
    "pct2ResTime" : 5.0,
    "pct3ResTime" : 8.470000000000027,
    "throughput" : 53.191489361702125,
    "receivedKBytesPerSec" : 7.583942819148937,
    "sentKBytesPerSec" : 11.427859042553193
  },
  "HTTP Request update" : {
    "transaction" : "HTTP Request update",
    "sampleCount" : 150,
    "errorCount" : 0,
    "errorPct" : 0.0,
    "meanResTime" : 1.2800000000000002,
    "medianResTime" : 1.0,
    "minResTime" : 0.0,
    "maxResTime" : 7.0,
    "pct1ResTime" : 2.0,
    "pct2ResTime" : 2.0,
    "pct3ResTime" : 5.470000000000027,
    "throughput" : 53.304904051172706,
    "receivedKBytesPerSec" : 8.172724546908315,
    "sentKBytesPerSec" : 25.50722947761194
  }
}